Film,Movie.Genre,Award,Year_of_Release,IMDB_Votes,IMDB.Rating,Movie.Time
Wings,"Drama,Romance,War",Winner,1927,12221,7.5,144
7th Heaven,"Drama,Romance",Nominee,1927,3439,7.7,110
The Racket,"Crime,Drama,Film-Noir",Nominee,1928,1257,6.7,84
The Broadway Melody,"Drama,Musical,Romance",Winner,1929,6890,5.7,100
Alibi,"Action,Crime,Romance",Nominee,1929,765,5.8,91
Hollywood Revue,"Comedy,Music",Nominee,1929,2004,5.7,130
In Old Arizona,Western,Nominee,1928,1019,5.6,95
The Patriot,"Drama,History,Thriller",Nominee,1928,18,7.4,113
All Quiet on the Western Front,"Drama,War",Winner,1930,59214,8.1,152
The Big House,"Crime,Drama,Thriller",Nominee,1930,2079,7.1,87
Disraeli,"Biography,Drama,History",Nominee,1929,1143,6.2,90
The Divorcee,"Romance,Drama",Nominee,1930,2982,6.7,84
The Love Parade,"Comedy,Musical,Romance",Nominee,1929,2163,7,107
Cimarron,"Drama,Western",Winner,1931,5851,5.9,123
East Lynne,"Drama,Romance",Nominee,1931,188,5.9,102
The Front Page,"Comedy,Crime,Drama",Nominee,1931,2741,6.8,101
Skippy,"Comedy,Drama,Family",Nominee,1931,772,6.3,85
Trader Horn,"Action,Adventure,Drama",Nominee,1931,957,6.3,122
Grand Hotel,"Drama,Romance",Winner,1932,18314,7.4,112
Arrowsmith,Drama,Nominee,1931,1663,6.2,108
Bad Girl,"Drama,Romance",Nominee,1931,1248,6.5,90
The Champ,"Drama,Sport",Nominee,1931,3003,7.3,86
Five Star Final,"Crime,Drama",Nominee,1931,1944,7.3,89
One Hour with You,"Comedy,Musical,Romance",Nominee,1932,2317,7.2,78
Shanghai Express,"Adventure,Drama,Romance",Nominee,1932,8325,7.3,82
The Smiling Lieutenant,"Comedy,Romance,Musical",Nominee,1931,3540,7.2,93
Cavalcade,"Drama,Romance,War",Winner,1933,4961,5.9,112
42nd Street,"Comedy,Drama,Musical",Nominee,1933,11342,7.4,89
A Farewell to Arms,"Drama,Romance,War",Nominee,1932,5567,6.5,80
I Am a Fugitive from a Chain Gang,"Crime,Drama,Film-Noir",Nominee,1932,12604,8.2,92
Lady for a Day,"Comedy,Drama",Nominee,1933,3971,7.4,96
Little Women,"Drama,Family,Romance",Nominee,1933,6778,7.2,115
The Private Life of Henry VIII,"Biography,Comedy,Drama",Nominee,1933,4090,7.1,97
She Done Him Wrong,"Comedy,Drama,History",Nominee,1933,5899,6.4,66
Smilin' Through,"Drama,Romance",Nominee,1932,1266,6.9,98
State Fair,"Comedy,Drama,Romance",Nominee,1933,829,6.8,99
It Happened One Night,"Comedy,Romance",Winner,1934,98409,8.1,105
The Barretts of Wimpole Street,"Biography,Drama,Romance",Nominee,1934,1795,7,109
Cleopatra,"Biography,Drama,History",Nominee,1934,3678,6.8,100
Flirtation Walk,"Musical,Romance",Nominee,1934,700,5.7,97
The Gay Divorcee,"Comedy,Musical,Romance",Nominee,1934,7455,7.5,107
Here Comes the Navy,"Comedy,Drama,Romance",Nominee,1934,940,6.3,87
The House of Rothschild,"Biography,Drama,History",Nominee,1934,1127,6.6,88
Imitation of Life,"Drama,Romance",Nominee,1934,4423,7.5,111
One Night of Love,"Music,Romance",Nominee,1934,577,5.7,84
The Thin Man,"Comedy,Crime,Mystery",Nominee,1934,27959,8,91
Viva Villa!,"Action,Biography,Romance",Nominee,1934,1277,6.4,115
The White Parade,Drama,Nominee,1934,86,6.8,80
Mutiny on the Bounty,"Adventure,Biography,Drama",Winner,1935,21805,7.7,132
Alice Adams,"Comedy,Drama,Romance",Nominee,1935,4020,6.9,99
Broadway Melody of 1936,"Musical,Romance",Nominee,1935,1662,6.8,101
Captain Blood,"Action,Adventure,History",Nominee,1935,13708,7.7,119
David Copperfield,"Adventure,Drama,Romance",Nominee,1935,4069,7.4,130
The Informer,"Crime,Drama",Nominee,1935,6169,7.4,91
The Lives of a Bengal Lancer,"Adventure,Drama,War",Nominee,1935,2813,7.1,109
A Midsummer Night's Dream,"Comedy,Fantasy,Romance",Nominee,1935,3339,6.9,133
Les Misérables,"Drama,History,Romance",Nominee,1935,3468,7.7,108
Naughty Marietta,"Drama,Musical,Romance",Nominee,1935,1307,6.7,105
Ruggles of Red Gap,"Comedy,Romance,Western",Nominee,1935,3874,7.6,90
Top Hat,"Comedy,Musical,Romance",Nominee,1935,18339,7.8,101
The Great Ziegfeld,"Biography,Drama,Musical",Winner,1936,7665,6.7,176
Anthony Adverse,"Adventure,Drama,Romance",Nominee,1936,1706,6.4,141
Dodsworth,"Drama,Romance",Nominee,1936,8668,7.8,101
Libeled Lady,"Comedy,Romance",Nominee,1936,7509,7.9,98
Mr. Deeds Goes to Town,"Comedy,Drama,Romance",Nominee,1936,20594,7.9,115
Romeo and Juliet,"Drama,Romance",Nominee,1936,1910,6.5,125
San Francisco,"Drama,Musical,Romance",Nominee,1936,5254,7.2,115
The Story of Louis Pasteur,"Biography,Drama,History",Nominee,1936,2601,7.3,86
A Tale of Two Cities,"Drama,History,Romance",Nominee,1935,5508,7.8,128
Three Smart Girls,"Comedy,Musical,Romance",Nominee,1936,1344,6.7,84
The Life of Emile Zola,"Biography,Drama",Winner,1937,7771,7.2,116
The Awful Truth,"Comedy,Romance",Nominee,1937,18721,7.7,90
Captains Courageous,"Adventure,Drama,Family",Nominee,1937,9243,8,117
Dead End,"Crime,Drama,Film-Noir",Nominee,1937,7083,7.3,93
The Good Earth,"Drama,Romance",Nominee,1937,4753,7.5,138
In Old Chicago,"Action,Drama,Musical",Nominee,1938,2233,6.8,95
Lost Horizon,"Adventure,Drama,Fantasy",Nominee,1937,12513,7.7,132
One Hundred Men and a Girl,"Comedy,Drama,Music",Nominee,1937,1029,6.8,84
Stage Door,"Comedy,Drama",Nominee,1937,8040,7.8,92
A Star Is Born,"Drama,Romance",Nominee,1937,9301,7.3,111
You Can't Take It with You,"Comedy,Drama,Romance",Winner,1938,24466,7.9,126
The Adventures of Robin Hood,"Action,Adventure,Romance",Nominee,1938,49004,7.9,102
Alexander's Ragtime Band,"Drama,Music,Musical",Nominee,1938,2042,6.9,106
Boys Town,"Biography,Drama",Nominee,1938,5449,7.3,96
The Citadel,Drama,Nominee,1938,2047,7.1,110
Four Daughters,"Drama,Music,Romance",Nominee,1938,1881,6.9,90
Grand Illusion,"Drama,War",Nominee,1937,35191,8.1,113
Jezebel,"Drama,Romance",Nominee,1938,12874,7.5,104
Pygmalion,"Comedy,Drama,Romance",Nominee,1938,8321,7.8,89
Test Pilot,"Drama,Romance",Nominee,1938,2323,6.9,119
Gone with the Wind,"Drama,History,Romance",Winner,1939,300592,8.1,238
Dark Victory,"Drama,Romance",Nominee,1939,10648,7.5,104
"Goodbye, Mr. Chips","Drama,Romance",Nominee,1939,10164,7.9,114
Love Affair,"Comedy,Drama,Romance",Nominee,1939,4857,7.3,88
Mr. Smith Goes to Washington,"Comedy,Drama",Nominee,1939,110984,8.1,129
Ninotchka,"Comedy,Romance",Nominee,1939,19988,7.9,110
Of Mice and Men,"Adventure,Drama",Nominee,1939,5813,7.9,106
Stagecoach,"Adventure,Drama,Western",Nominee,1939,45997,7.9,96
The Wizard of Oz,"Adventure,Family,Fantasy",Nominee,1939,378893,8,102
Wuthering Heights,"Drama,Romance",Nominee,1939,17314,7.6,104
Rebecca,"Drama,Mystery,Romance",Winner,1940,130546,8.1,130
"All This, and Heaven Too","Drama,Romance",Nominee,1940,4728,7.5,141
Foreign Correspondent,"Action,Romance,Thriller",Nominee,1940,19657,7.5,120
The Grapes of Wrath,"Drama,History",Nominee,1940,89303,8.1,129
The Great Dictator,"Comedy,Drama,War",Nominee,1940,212446,8.4,125
Kitty Foyle,"Drama,Romance",Nominee,1940,3495,6.9,108
The Letter,"Crime,Drama,Film-Noir",Nominee,1940,12503,7.6,95
The Long Voyage Home,"Drama,War",Nominee,1940,4139,7,105
Our Town,"Drama,Romance",Nominee,1940,2525,6.6,90
The Philadelphia Story,"Comedy,Romance",Nominee,1940,66044,7.9,112
How Green Was My Valley,"Drama,Family",Winner,1941,22753,7.7,118
Blossoms in the Dust,"Biography,Drama,Romance",Nominee,1941,1919,6.9,99
Citizen Kane,"Drama,Mystery",Nominee,1941,420959,8.3,119
Here Comes Mr. Jordan,"Comedy,Fantasy,Romance",Nominee,1941,6154,7.6,94
Hold Back the Dawn,"Drama,Romance",Nominee,1941,2247,7.4,116
The Little Foxes,"Drama,Romance",Nominee,1941,11254,8,116
The Maltese Falcon,"Crime,Film-Noir,Mystery",Nominee,1941,152988,8,100
One Foot in Heaven,"Biography,Drama",Nominee,1941,1213,6.8,108
Sergeant York,"Biography,Drama,History",Nominee,1941,17415,7.7,134
Suspicion,"Film-Noir,Mystery,Thriller",Nominee,1941,36081,7.4,99
Mrs. Miniver,"Drama,Romance,War",Winner,1942,16879,7.6,134
49th Parallel,"Drama,Thriller,War",Nominee,1941,6333,7.3,123
Kings Row,"Drama,Mystery,Romance",Nominee,1942,4285,7.5,127
The Magnificent Ambersons,"Drama,Romance",Nominee,1942,23662,7.7,88
The Pied Piper,"Drama,War",Nominee,1942,565,7.1,87
The Pride of the Yankees,"Biography,Drama,Romance",Nominee,1942,10459,7.7,128
Random Harvest,"Adventure,Drama,Family",Nominee,1942,7331,8,126
The Talk of the Town,"Comedy,Drama,Romance",Nominee,1942,7884,7.5,118
Wake Island,"Action,Drama,War",Nominee,1942,1924,6.8,88
Yankee Doodle Dandy,"Biography,Drama,Music",Nominee,1942,14872,7.7,126
Casablanca,"Drama,Romance,War",Winner,1942,541023,8.5,102
For Whom the Bell Tolls,"Adventure,Drama,History",Nominee,1943,8880,6.9,170
Heaven Can Wait,"Comedy,Drama,Fantasy",Nominee,1943,10272,7.4,112
The Human Comedy,"Comedy,Drama,Family",Nominee,1943,2044,7,117
In Which We Serve,"Drama,War",Nominee,1942,5442,7.2,115
Madame Curie,"Biography,Drama,Romance",Nominee,1943,2779,7.2,124
The More the Merrier,"Comedy,Romance,War",Nominee,1943,6264,7.7,104
The Ox-Bow Incident,"Adventure,Drama,Western",Nominee,1942,22189,8,75
The Song of Bernadette,"Biography,Drama",Nominee,1943,6554,7.6,156
Watch on the Rhine,"Drama,Thriller",Nominee,1943,4246,7.3,114
Going My Way,"Comedy,Drama,Music",Winner,1944,11187,7.1,126
Double Indemnity,"Crime,Drama,Film-Noir",Nominee,1944,149399,8.3,107
Gaslight,"Crime,Drama,Mystery",Nominee,1944,26296,7.8,114
Since You Went Away,"Drama,Romance,War",Nominee,1944,4428,7.5,177
Wilson,"Biography,Drama,History",Nominee,1944,1525,6.4,154
The Lost Weekend,"Drama,Film-Noir",Winner,1945,35261,7.9,101
Anchors Aweigh,"Comedy,Fantasy,Music",Nominee,1945,8298,7.1,140
The Bells of St. Mary's,Drama,Nominee,1945,7546,7.3,126
Mildred Pierce,"Crime,Drama,Film-Noir",Nominee,1945,24288,8,111
Spellbound,"Film-Noir,Mystery,Romance",Nominee,1945,46578,7.5,111
The Best Years of Our Lives,"Drama,Romance,War",Winner,1946,60810,8.1,170
Henry V,"Biography,Drama,History",Nominee,1944,6145,7.1,137
It's a Wonderful Life,"Drama,Family,Fantasy",Nominee,1946,420975,8.6,130
The Razor's Edge,"Drama,Romance",Nominee,1946,5770,7.4,145
The Yearling,"Drama,Family,Western",Nominee,1946,5658,7.2,128
Gentleman's Agreement,"Drama,Romance",Winner,1947,15593,7.2,118
The Bishop's Wife,"Comedy,Drama,Fantasy",Nominee,1947,15790,7.6,109
Crossfire,"Crime,Drama,Film-Noir",Nominee,1947,8030,7.3,86
Great Expectations,"Adventure,Drama,Mystery",Nominee,1946,23120,7.8,118
Miracle on 34th Street,"Comedy,Drama,Family",Nominee,1947,44012,7.9,96
Hamlet,Drama,Winner,1948,16167,7.6,154
Johnny Belinda,Drama,Nominee,1948,4549,7.8,102
The Red Shoes,"Drama,Music,Romance",Nominee,1948,32804,8.1,135
The Snake Pit,"Drama,Mystery",Nominee,1948,7232,7.6,108
The Treasure of the Sierra Madre,"Adventure,Drama,Western",Nominee,1948,119133,8.2,126
All the King's Men,"Drama,Film-Noir",Winner,1949,14270,7.5,110
Battleground,"Action,Drama,History",Nominee,1949,6970,7.5,118
The Heiress,"Drama,Romance",Nominee,1949,14871,8.2,115
A Letter to Three Wives,"Drama,Romance",Nominee,1949,9000,7.7,103
Twelve O'Clock High,"Drama,War",Nominee,1949,13989,7.7,132
All About Eve,Drama,Winner,1950,125426,8.2,138
Born Yesterday,"Comedy,Drama,Romance",Nominee,1950,10597,7.6,103
Father of the Bride,"Comedy,Romance",Nominee,1950,10742,7.2,92
King Solomon's Mines,"Action,Adventure,Romance",Nominee,1950,5929,6.8,103
Sunset Boulevard,"Drama,Film-Noir",Nominee,1950,210129,8.4,110
An American in Paris,"Drama,Musical,Romance",Winner,1951,31953,7.2,114
Decision Before Dawn,"Drama,War",Nominee,1951,2596,7.2,119
A Place in the Sun,"Drama,Romance",Nominee,1951,21429,7.8,122
Quo Vadis,"Biography,Drama,History",Nominee,1951,14371,7.2,171
A Streetcar Named Desire,Drama,Nominee,1951,103781,8,122
The Greatest Show on Earth,"Drama,Family,Romance",Winner,1952,13797,6.6,152
High Noon,"Drama,Thriller,Western",Nominee,1952,100501,8,85
Ivanhoe,"Adventure,Drama,History",Nominee,1952,8627,6.8,106
Moulin Rouge,"Biography,Drama,Music",Nominee,1952,5284,7.1,119
The Quiet Man,"Comedy,Drama,Romance",Nominee,1952,36499,7.8,129
From Here to Eternity,"Drama,Romance,War",Winner,1953,45045,7.6,118
Julius Caesar,"Biography,Drama,History",Nominee,1953,11012,7.3,120
The Robe,"Drama,History",Nominee,1953,9876,6.8,135
Roman Holiday,"Comedy,Romance",Nominee,1953,132970,8,118
Shane,"Drama,Western",Nominee,1953,38752,7.6,118
On the Waterfront,"Crime,Drama,Thriller",Winner,1954,147893,8.1,108
The Caine Mutiny,"Drama,War",Nominee,1954,26649,7.7,124
The Country Girl,"Drama,Music",Nominee,1954,5766,7.3,104
Seven Brides for Seven Brothers,"Comedy,Drama,Musical",Nominee,1954,23448,7.4,102
Three Coins in the Fountain,"Drama,Romance",Nominee,1954,3276,6.3,102
Marty,"Drama,Romance",Winner,1955,22916,7.7,90
Love Is a Many-Splendored Thing,"Biography,Drama,Romance",Nominee,1955,4688,6.5,102
Mister Roberts,"Comedy,Drama,War",Nominee,1955,16057,7.7,123
Picnic,"Drama,Romance",Nominee,1955,8425,7.1,115
The Rose Tattoo,"Comedy,Drama,Romance",Nominee,1955,3763,7,117
Around the World in 80 Days,"Adventure,Comedy,Family",Winner,1956,26019,6.8,175
Friendly Persuasion,"Drama,Romance,War",Nominee,1956,6784,7.4,137
Giant,"Drama,Western",Nominee,1956,36951,7.6,201
The King and I,"Biography,Drama,Musical",Nominee,1956,24685,7.4,133
The Ten Commandments,"Adventure,Drama",Nominee,1956,66969,7.9,220
The Bridge on the River Kwai,"Adventure,Drama,War",Winner,1957,210558,8.1,161
12 Angry Men,"Crime,Drama",Nominee,1957,725938,9,96
Peyton Place,"Drama,Romance",Nominee,1957,5707,7.2,157
Sayonara,"Drama,Romance",Nominee,1957,6473,7.1,147
Witness for the Prosecution,"Crime,Drama,Mystery",Nominee,1957,115545,8.4,116
Gigi,"Comedy,Musical,Romance",Winner,1958,21807,6.7,115
Auntie Mame,"Comedy,Drama,Romance",Nominee,1958,10825,7.9,143
Cat on a Hot Tin Roof,Drama,Nominee,1958,47222,8,108
The Defiant Ones,"Crime,Drama",Nominee,1958,14358,7.6,96
Separate Tables,"Drama,Romance",Nominee,1958,7248,7.4,100
Ben-Hur,"Adventure,Drama,History",Winner,1959,227894,8.1,212
Anatomy of a Murder,"Crime,Drama,Mystery",Nominee,1959,62835,8,161
The Diary of Anne Frank,"Biography,Drama,Family",Nominee,1959,12413,7.4,180
The Nun's Story,Drama,Nominee,1959,9968,7.6,149
Room at the Top,"Drama,Romance",Nominee,1959,5746,7.5,115
The Apartment,"Comedy,Drama,Romance",Winner,1960,171390,8.3,125
The Alamo,"Adventure,Drama,History",Nominee,1960,15189,6.8,162
Elmer Gantry,Drama,Nominee,1960,11043,7.8,146
Sons and Lovers,Drama,Nominee,1960,1506,7.1,103
The Sundowners,"Adventure,Drama",Nominee,1960,4031,7.1,133
West Side Story,"Crime,Drama,Musical",Winner,1961,101270,7.5,153
Fanny,"Drama,Romance",Nominee,1961,2121,6.9,134
The Guns of Navarone,"Action,Adventure,Drama",Nominee,1961,47296,7.5,158
The Hustler,"Drama,Sport",Nominee,1961,78871,8,134
Judgment at Nuremberg,"Drama,War",Nominee,1961,73363,8.2,179
Lawrence of Arabia,"Adventure,Biography,Drama",Winner,1962,278596,8.3,228
The Longest Day,"Action,Drama,History",Nominee,1962,53759,7.8,178
The Music Man,"Comedy,Family,Musical",Nominee,1962,16665,7.7,151
Mutiny on the Bounty,"Adventure,Drama,History",Winner,1962,15634,7.2,178
To Kill a Mockingbird,"Crime,Drama",Nominee,1962,303387,8.3,129
Tom Jones,"Adventure,Comedy,History",Winner,1963,12448,6.5,129
America America,Drama,Nominee,1963,5215,7.8,174
Cleopatra,"Biography,Drama,History",Nominee,1963,31027,7,192
How the West Was Won,Western,Nominee,1962,19741,7.1,164
Lilies of the Field,Drama,Nominee,1963,9751,7.6,94
My Fair Lady,"Drama,Family,Musical",Winner,1964,90361,7.8,170
Becket,"Biography,Drama,History",Nominee,1964,14231,7.8,148
Dr. Strangelove or: How I Learned to Stop Worrying and Love the Bomb,Comedy,Nominee,1964,466261,8.4,95
Mary Poppins,"Comedy,Family,Fantasy",Nominee,1964,163118,7.8,139
Zorba the Greek,"Comedy,Drama",Nominee,1964,21591,7.7,142
The Sound of Music,"Biography,Drama,Family",Winner,1965,215374,8,172
Darling,"Drama,Romance",Nominee,1965,6468,7.1,128
Doctor Zhivago,"Drama,Romance,War",Nominee,1965,72548,8,197
Ship of Fools,"Drama,Romance,War",Nominee,1965,5725,7.1,149
A Thousand Clowns,"Comedy,Drama,Romance",Nominee,1965,3349,7.4,118
A Man for All Seasons,"Biography,Drama,History",Winner,1966,33107,7.7,120
Alfie,"Comedy,Drama",Nominee,1966,14178,7,114
"The Russians Are Coming, the Russians Are Coming","Comedy,War",Nominee,1966,8473,7,126
The Sand Pebbles,"Adventure,Drama,Romance",Nominee,1966,14184,7.6,182
Who's Afraid of Virginia Woolf?,Drama,Nominee,1966,72597,8,131
In the Heat of the Night,"Crime,Drama,Mystery",Winner,1967,70719,7.9,110
Bonnie and Clyde,"Action,Biography,Crime",Nominee,1967,107803,7.8,111
Doctor Dolittle,"Adventure,Comedy,Family",Nominee,1967,9028,6.2,152
The Graduate,"Comedy,Drama,Romance",Nominee,1967,261921,8,106
Guess Who's Coming to Dinner,"Comedy,Drama",Nominee,1967,41907,7.8,108
Oliver!,"Drama,Family,Musical",Winner,1968,36386,7.4,153
Funny Girl,"Biography,Comedy,Drama",Nominee,1968,21174,7.4,151
The Lion in Winter,"Biography,Drama,History",Nominee,1968,30196,7.9,134
"Rachel, Rachel","Drama,Romance",Nominee,1968,3213,7.3,101
Romeo and Juliet,"Drama,Romance",Nominee,1968,30500,7.6,138
Midnight Cowboy,Drama,Winner,1969,106077,7.8,113
Anne of the Thousand Days,"Biography,Drama,History",Nominee,1969,7138,7.5,145
Butch Cassidy and the Sundance Kid,"Biography,Crime,Drama",Nominee,1969,208400,8,110
"Hello, Dolly!","Adventure,Comedy,Musical",Nominee,1969,14420,7.1,146
Z,"Crime,Drama,History",Nominee,1969,25227,8.3,127
Patton,"Biography,Drama,War",Winner,1970,98155,7.9,172
Airport,"Action,Drama,Thriller",Nominee,1970,18289,6.6,137
Five Easy Pieces,Drama,Nominee,1970,35199,7.5,98
Love Story,"Drama,Romance",Nominee,1970,32681,6.9,100
M*A*S*H,"Comedy,Drama,War",Nominee,1970,69897,7.5,116
The French Connection,"Action,Crime,Drama",Winner,1971,115341,7.7,104
A Clockwork Orange,"Crime,Drama,Sci-Fi",Nominee,1971,783346,8.3,136
Fiddler on the Roof,"Drama,Family,Musical",Nominee,1971,41233,8,181
The Last Picture Show,"Drama,Romance",Nominee,1971,44843,8,118
Nicholas and Alexandra,"Biography,Drama,History",Nominee,1971,4671,7.2,183
The Godfather,"Crime,Drama",Winner,1972,1697396,9.2,175
Cabaret,"Drama,Music,Musical",Nominee,1972,51698,7.8,124
Deliverance,"Adventure,Drama,Thriller",Nominee,1972,102934,7.7,109
The Emigrants,"Drama,History",Nominee,1971,6121,8,151
Sounder,"Drama,Family",Nominee,1972,3920,7.6,105
The Sting,"Comedy,Crime,Drama",Winner,1973,249856,8.3,129
American Graffiti,"Comedy,Drama",Nominee,1973,85117,7.4,110
Cries and Whispers,Drama,Nominee,1972,32122,8.1,91
The Exorcist,Horror,Nominee,1973,375156,8,122
A Touch of Class,"Comedy,Romance",Nominee,1973,2991,6.5,106
The Godfather Part II,"Crime,Drama",Winner,1974,1178981,9,202
Chinatown,"Drama,Mystery,Thriller",Nominee,1974,308349,8.2,130
The Conversation,"Drama,Mystery,Thriller",Nominee,1974,105312,7.8,113
Lenny,"Biography,Drama",Nominee,1974,15444,7.6,111
The Towering Inferno,"Action,Drama,Thriller",Nominee,1974,41582,7,165
One Flew Over the Cuckoo's Nest,Drama,Winner,1975,950833,8.7,133
Barry Lyndon,"Adventure,Drama,History",Nominee,1975,157491,8.1,185
Dog Day Afternoon,"Biography,Crime,Drama",Nominee,1975,245162,8,125
Jaws,"Adventure,Thriller",Nominee,1975,563056,8,124
Nashville,"Comedy,Drama,Music",Nominee,1975,25084,7.7,160
Rocky,"Drama,Sport",Winner,1976,537813,8.1,120
All the President's Men,"Biography,Drama,History",Nominee,1976,109033,8,138
Bound for Glory,"Biography,Drama,Music",Nominee,1976,4892,7.3,147
Network,Drama,Nominee,1976,151780,8.1,121
Taxi Driver,"Crime,Drama",Nominee,1976,758393,8.2,114
Annie Hall,"Comedy,Romance",Winner,1977,257550,8,93
The Goodbye Girl,"Comedy,Drama,Romance",Nominee,1977,13292,7.4,111
Julia,Drama,Nominee,1977,9219,7.2,117
Star Wars,"Action,Adventure,Fantasy",Nominee,1977,1272908,8.6,121
The Turning Point,"Drama,Romance",Nominee,1977,4457,6.9,119
The Deer Hunter,"Drama,War",Winner,1978,323543,8.1,183
Coming Home,"Drama,Romance,War",Nominee,1978,13023,7.3,127
Heaven Can Wait,"Comedy,Fantasy,Romance",Nominee,1978,19822,6.9,101
Midnight Express,"Biography,Crime,Drama",Nominee,1978,76311,7.6,121
An Unmarried Woman,"Comedy,Drama,Romance",Nominee,1978,5113,7.2,124
Kramer vs. Kramer,Drama,Winner,1979,138582,7.8,105
All That Jazz,"Drama,Music,Musical",Nominee,1979,29674,7.9,123
Apocalypse Now,"Drama,Mystery,War",Nominee,1979,627726,8.4,147
Breaking Away,"Comedy,Drama,Romance",Nominee,1979,22594,7.7,101
Norma Rae,Drama,Nominee,1979,11062,7.3,114
Ordinary People,Drama,Winner,1980,49328,7.7,124
Coal Miner's Daughter,"Biography,Drama,Music",Nominee,1980,17579,7.5,124
The Elephant Man,"Biography,Drama",Nominee,1980,229693,8.1,124
Raging Bull,"Biography,Drama,Sport",Nominee,1980,334550,8.2,129
Tess,"Drama,Romance",Nominee,1979,15999,7.3,186
Chariots of Fire,"Biography,Drama,Sport",Winner,1981,57292,7.2,125
Atlantic City,"Crime,Drama,Romance",Nominee,1980,16039,7.3,104
On Golden Pond,Drama,Nominee,1981,29276,7.6,109
Raiders of the Lost Ark,"Action,Adventure",Nominee,1981,914188,8.4,115
Reds,"Horror,Mystery,Thriller",Nominee,1975,35213,7.6,127
Gandhi,"Biography,Drama,History",Winner,1982,223282,8,191
E.T. the Extra-Terrestrial,"Family,Sci-Fi",Nominee,1982,386073,7.8,115
Missing,"Biography,Drama,History",Nominee,1982,20689,7.7,122
Tootsie,"Comedy,Drama,Romance",Nominee,1982,101492,7.4,116
The Verdict,Drama,Nominee,1982,37826,7.7,129
Terms of Endearment,"Comedy,Drama",Winner,1983,57538,7.4,132
The Big Chill,"Comedy,Drama",Nominee,1983,34895,7.2,105
The Dresser,Drama,Nominee,1983,5072,7.6,118
The Right Stuff,"Adventure,Biography,Drama",Nominee,1983,59265,7.8,193
Tender Mercies,"Drama,Music",Nominee,1983,10060,7.4,92
Amadeus,"Biography,Drama,History",Winner,1984,381101,8.3,160
The Killing Fields,"Biography,Drama,History",Nominee,1984,53545,7.8,141
A Passage to India,"Adventure,Drama,History",Nominee,1984,18017,7.3,164
Places in the Heart,Drama,Nominee,1984,11271,7.4,111
A Soldier's Story,"Crime,Drama,Mystery",Nominee,1984,9570,7.2,101
Out of Africa,"Biography,Drama,Romance",Winner,1985,76084,7.2,161
The Color Purple,Drama,Nominee,1985,82027,7.8,154
Kiss of the Spider Woman,Drama,Nominee,1985,15003,7.4,120
Prizzi's Honor,"Comedy,Crime,Drama",Nominee,1985,23681,6.7,130
Witness,"Crime,Drama,Romance",Nominee,1985,90252,7.4,112
Platoon,"Drama,War",Winner,1986,394151,8.1,120
Children of a Lesser God,"Drama,Romance",Nominee,1986,15807,7.2,119
Hannah and Her Sisters,"Comedy,Drama",Nominee,1986,69273,7.9,107
The Mission,"Adventure,Drama,History",Nominee,1986,58975,7.4,125
A Room with a View,"Drama,Romance",Nominee,1985,41517,7.3,117
The Last Emperor,"Biography,Drama,History",Winner,1987,98273,7.7,163
Broadcast News,"Comedy,Drama,Romance",Nominee,1987,28908,7.2,133
Fatal Attraction,"Drama,Thriller",Nominee,1987,80634,6.9,119
Hope and Glory,"Comedy,Drama,Romance",Nominee,1987,13104,7.3,113
Moonstruck,"Comedy,Drama,Romance",Nominee,1987,54964,7.1,102
Rain Man,Drama,Winner,1988,488860,8,133
The Accidental Tourist,"Drama,Romance",Nominee,1988,15488,6.8,121
Dangerous Liaisons,"Drama,Romance",Nominee,1988,66909,7.6,119
Mississippi Burning,"Crime,Drama,History",Nominee,1988,94171,7.8,128
Working Girl,"Comedy,Drama,Romance",Nominee,1988,54343,6.8,113
Driving Miss Daisy,Drama,Winner,1989,104806,7.4,99
Born on the Fourth of July,"Biography,Drama,War",Nominee,1989,101778,7.2,145
Dead Poets Society,"Comedy,Drama",Nominee,1989,446811,8.1,128
Field of Dreams,"Drama,Family,Fantasy",Nominee,1989,113841,7.5,107
My Left Foot,"Biography,Drama",Nominee,1989,71014,7.9,103
Dances with Wolves,"Adventure,Drama,Western",Winner,1990,249524,8,181
Awakenings,"Biography,Drama",Nominee,1990,132136,7.8,121
Ghost,"Drama,Fantasy,Romance",Nominee,1990,204848,7.1,127
The Godfather Part III,"Crime,Drama",Nominee,1990,373892,7.6,162
Goodfellas,"Biography,Crime,Drama",Nominee,1990,1065109,8.7,146
The Silence of the Lambs,"Crime,Drama,Thriller",Winner,1991,1326186,8.6,118
Beauty and the Beast,"Animation,Family,Fantasy",Nominee,1991,427333,8,84
Bugsy,"Biography,Crime,Drama",Nominee,1991,27635,6.8,136
JFK,"Drama,History,Thriller",Nominee,1991,147893,8,189
The Prince of Tides,"Drama,Romance",Nominee,1991,17342,6.7,132
Unforgiven,"Drama,Western",Winner,1992,390280,8.2,130
The Crying Game,"Crime,Drama,Romance",Nominee,1992,53289,7.3,112
A Few Good Men,"Drama,Thriller",Nominee,1992,245903,7.7,138
Howards End,"Drama,Romance",Nominee,1992,30508,7.4,142
Scent of a Woman,Drama,Nominee,1992,277333,8,156
Schindler's List,"Biography,Drama,History",Winner,1993,1261563,8.9,195
The Fugitive,"Action,Crime,Drama",Nominee,1993,278006,7.8,130
In the Name of the Father,"Biography,Crime,Drama",Nominee,1993,165134,8.1,133
The Piano,"Drama,Music,Romance",Nominee,1993,81749,7.6,121
The Remains of the Day,"Drama,Romance",Nominee,1993,69613,7.8,134
Forrest Gump,"Drama,Romance",Winner,1994,1895991,8.8,142
Four Weddings and a Funeral,"Comedy,Drama,Romance",Nominee,1994,145046,7.1,117
Pulp Fiction,"Crime,Drama",Nominee,1994,1900918,8.9,154
Quiz Show,"Biography,Drama,History",Nominee,1994,66948,7.5,133
The Shawshank Redemption,Drama,Nominee,1994,2452594,9.3,142
Braveheart,"Biography,Drama,History",Winner,1995,986016,8.3,178
Apollo 13,"Adventure,Drama,History",Nominee,1995,279684,7.6,140
Babe,"Comedy,Drama,Family",Nominee,1995,120428,6.8,91
The Postman (Il Postino),"Biography,Comedy,Drama",Nominee,1994,34974,7.7,108
Sense and Sensibility,"Drama,Romance",Nominee,1995,108657,7.7,136
The English Patient,"Drama,Romance,War",Winner,1996,183677,7.4,162
Fargo,"Crime,Drama,Thriller",Nominee,1996,641314,8.1,98
Jerry Maguire,"Comedy,Drama,Romance",Nominee,1996,251072,7.3,139
Secrets & Lies,"Comedy,Drama",Nominee,1996,41079,8,136
Shine,"Biography,Drama,Music",Nominee,1996,52751,7.7,105
Titanic,"Drama,Romance",Winner,1997,1089044,7.8,194
As Good as It Gets,"Comedy,Drama,Romance",Nominee,1997,285908,7.7,139
The Full Monty,"Comedy,Drama",Nominee,1997,102282,7.2,91
Good Will Hunting,"Drama,Romance",Nominee,1997,896929,8.3,126
L.A. Confidential,"Crime,Drama,Mystery",Nominee,1997,550162,8.2,138
Shakespeare in Love,"Comedy,Drama,History",Winner,1998,218538,7.1,123
Elizabeth,"Biography,Drama,History",Nominee,1998,95572,7.4,124
Life Is Beautiful,"Comedy,Drama,Romance",Nominee,1997,649390,8.6,116
Saving Private Ryan,"Drama,War",Nominee,1998,1287001,8.6,169
The Thin Red Line,"Drama,War",Nominee,1998,179626,7.6,170
American Beauty,Drama,Winner,1999,1101496,8.3,122
The Cider House Rules,"Drama,Romance",Nominee,1999,95629,7.4,126
The Green Mile,"Crime,Drama,Fantasy",Nominee,1999,1198434,8.6,189
The Insider,"Biography,Drama,Thriller",Nominee,1999,165522,7.8,157
The Sixth Sense,"Drama,Mystery,Thriller",Nominee,1999,939659,8.1,107
Gladiator,"Action,Adventure,Drama",Winner,2000,1393352,8.5,155
Chocolat,"Drama,Romance",Nominee,2000,183002,7.2,121
"Crouching Tiger, Hidden Dragon","Action,Adventure,Fantasy",Nominee,2000,259991,7.8,120
Erin Brockovich,"Biography,Drama",Nominee,2000,184808,7.4,131
Traffic,"Crime,Drama,Thriller",Nominee,2000,201093,7.6,147
A Beautiful Mind,"Biography,Drama",Winner,2001,878511,8.2,135
Gosford Park,"Comedy,Drama,Mystery",Nominee,2001,83531,7.2,131
In the Bedroom,"Crime,Drama",Nominee,2001,39427,7.4,131
The Lord of the Rings: The Fellowship of the Ring,"Action,Adventure,Drama",Nominee,2001,1724755,8.8,178
Moulin Rouge!,"Drama,Musical,Romance",Nominee,2001,273077,7.6,127
Chicago,"Comedy,Crime,Musical",Winner,2002,221622,7.2,113
Gangs of New York,"Crime,Drama",Nominee,2002,418948,7.5,167
The Hours,"Drama,Romance",Nominee,2002,127773,7.5,110
The Lord of the Rings: The Two Towers,"Action,Adventure,Drama",Nominee,2002,1540135,8.7,179
The Pianist,"Biography,Drama,Music",Nominee,2002,766841,8.5,150
The Lord of the Rings: The Return of the King,"Action,Adventure,Drama",Winner,2003,1703481,8.9,201
Lost in Translation,"Comedy,Drama",Nominee,2003,431381,7.7,102
Master and Commander: The Far Side of the World,"Action,Adventure,Drama",Nominee,2003,210599,7.4,138
Mystic River,"Crime,Drama,Mystery",Nominee,2003,435337,7.9,138
Seabiscuit,"Drama,History,Sport",Nominee,2003,70147,7.3,140
Million Dollar Baby,"Drama,Sport",Winner,2004,655679,8.1,132
The Aviator,"Biography,Drama",Nominee,2004,344901,7.5,170
Finding Neverland,"Biography,Drama,Family",Nominee,2004,202139,7.7,106
Ray,"Biography,Drama,Music",Nominee,2004,142545,7.7,152
Sideways,"Comedy,Drama,Romance",Nominee,2004,184511,7.5,127
Crash,"Crime,Drama,Thriller",Winner,2004,426775,7.7,112
Brokeback Mountain,"Drama,Romance",Nominee,2005,337000,7.7,134
Capote,"Biography,Crime,Drama",Nominee,2005,128822,7.3,114
"Good Night, and Good Luck","Biography,Drama,History",Nominee,2005,95865,7.4,93
Munich,"Action,Drama,History",Nominee,2005,218462,7.5,164
The Departed,"Crime,Drama,Thriller",Winner,2006,1235906,8.5,151
Babel,Drama,Nominee,2006,295061,7.4,143
Letters from Iwo Jima,"Action,Adventure,Drama",Nominee,2006,157732,7.9,141
Little Miss Sunshine,"Comedy,Drama",Nominee,2006,453506,7.8,101
The Queen,"Biography,Drama,History",Nominee,2006,107000,7.3,103
No Country for Old Men,"Crime,Drama,Thriller",Winner,2007,896630,8.1,122
Atonement,"Drama,Mystery,Romance",Nominee,2007,261609,7.8,123
Juno,"Comedy,Drama",Nominee,2007,502296,7.4,96
Michael Clayton,"Crime,Drama,Mystery",Nominee,2007,160164,7.2,119
There Will Be Blood,Drama,Nominee,2007,542278,8.2,158
Slumdog Millionaire,"Drama,Romance",Winner,2008,816485,8,120
The Curious Case of Benjamin Button,"Drama,Fantasy,Romance",Nominee,2008,611518,7.8,166
Frost/Nixon,"Biography,Drama,History",Nominee,2008,105602,7.7,122
Milk,"Biography,Drama",Nominee,2008,168756,7.5,128
The Reader,"Drama,Romance",Nominee,2008,235605,7.6,124
The Hurt Locker,"Drama,Thriller,War",Winner,2008,433326,7.5,131
Avatar,"Action,Adventure,Fantasy",Nominee,2009,1153124,7.8,162
The Blind Side,"Biography,Drama,Sport",Nominee,2009,305982,7.6,129
District 9,"Action,Sci-Fi,Thriller",Nominee,2009,653215,7.9,112
An Education,Drama,Nominee,2009,131326,7.3,100
Inglourious Basterds,"Adventure,Drama,War",Nominee,2009,1326791,8.3,153
Precious: Based on the Novel 'Push' by Sapphire,Drama,Nominee,2009,107998,7.3,110
A Serious Man,"Comedy,Drama",Nominee,2009,137770,7.1,106
Up,"Animation,Adventure,Comedy",Nominee,2009,971845,8.2,96
Up in the Air,"Comedy,Drama,Romance",Nominee,2009,325743,7.4,109
The King's Speech,"Biography,Drama,History",Winner,2010,655187,8,118
127 Hours,"Biography,Drama",Nominee,2010,359243,7.5,94
Black Swan,"Drama,Thriller",Nominee,2010,721688,8,108
The Fighter,"Biography,Drama,Sport",Nominee,2010,350469,7.8,116
Inception,"Action,Adventure,Sci-Fi",Nominee,2010,2160498,8.8,148
The Kids Are All Right,"Comedy,Drama,Romance",Nominee,2010,127959,7,106
The Social Network,"Biography,Drama",Nominee,2010,651516,7.7,120
Toy Story 3,"Animation,Adventure,Comedy",Nominee,2010,783665,8.2,103
True Grit,"Drama,Western",Nominee,2010,322030,7.6,110
Winter's Bone,"Drama,Mystery",Nominee,2010,138998,7.2,100
The Artist,"Comedy,Drama,Romance",Winner,2011,235457,7.9,100
The Descendants,"Comedy,Drama",Nominee,2011,236381,7.3,115
Extremely Loud & Incredibly Close,"Adventure,Drama,Mystery",Nominee,2011,99514,6.9,129
The Help,Drama,Nominee,2011,438666,8,146
Hugo,"Drama,Family,Fantasy",Nominee,2011,312181,7.5,126
Midnight in Paris,"Comedy,Fantasy,Romance",Nominee,2011,401524,7.7,94
Moneyball,"Biography,Drama,Sport",Nominee,2011,389329,7.6,133
The Tree of Life,"Drama,Fantasy",Nominee,2011,171734,6.8,139
War Horse,"Action,Adventure,Drama",Nominee,2011,151533,7.2,146
Argo,"Biography,Drama,Thriller",Winner,2012,588984,7.7,120
Amour,Drama,Nominee,2012,96258,7.9,127
Beasts of the Southern Wild,"Adventure,Drama,Fantasy",Nominee,2012,82051,7.3,93
Django Unchained,"Drama,Western",Nominee,2012,1420092,8.4,165
Life of Pi,"Adventure,Drama,Fantasy",Nominee,2012,598436,7.9,127
Lincoln,"Crime,Drama,Mystery",Nominee,2011,223752,7.3,118
Les Misérables,"Drama,History,Musical",Nominee,2012,317030,7.6,158
Silver Linings Playbook,"Comedy,Drama,Romance",Nominee,2012,679022,7.7,122
Zero Dark Thirty,"Drama,History,Thriller",Nominee,2012,283119,7.4,157
12 Years a Slave,"Biography,Drama,History",Winner,2013,662741,8.1,134
American Hustle,"Crime,Drama",Nominee,2013,460918,7.2,138
Captain Phillips,"Adventure,Biography,Crime",Nominee,2013,436364,7.8,134
Dallas Buyers Club,"Biography,Drama",Nominee,2013,459404,8,117
Gravity,"Drama,Sci-Fi,Thriller",Nominee,2013,789470,7.7,91
Her,"Drama,Romance,Sci-Fi",Nominee,2013,565149,8,126
Nebraska,"Adventure,Comedy,Drama",Nominee,2013,115031,7.7,115
Philomena,"Biography,Comedy,Drama",Nominee,2013,96771,7.6,98
The Wolf of Wall Street,"Biography,Crime,Drama",Nominee,2013,1257166,8.2,180
Birdman or (The Unexpected Virtue of Ignorance),"Comedy,Drama",Winner,2014,599240,7.7,119
American Sniper,"Action,Biography,Drama",Nominee,2014,455885,7.3,133
Boyhood,Drama,Nominee,2014,343822,7.9,165
The Grand Budapest Hotel,"Adventure,Comedy,Crime",Nominee,2014,741950,8.1,99
The Imitation Game,"Biography,Drama,Thriller",Nominee,2014,714452,8,114
Selma,"Biography,Drama,History",Nominee,2014,89059,7.5,128
The Theory of Everything,"Biography,Drama,Romance",Nominee,2014,421764,7.7,123
Whiplash,"Drama,Music",Nominee,2014,758911,8.5,106
Spotlight,"Biography,Crime,Drama",Winner,2015,440413,8.1,129
The Big Short,"Biography,Comedy,Drama",Nominee,2015,387192,7.8,130
Bridge of Spies,"Drama,History,Thriller",Nominee,2015,298091,7.6,142
Brooklyn,"Drama,Romance",Nominee,2015,135972,7.5,117
Mad Max: Fury Road,"Action,Adventure,Sci-Fi",Nominee,2015,922840,8.1,120
The Martian,"Adventure,Drama,Sci-Fi",Nominee,2015,791919,8,144
The Revenant,"Action,Adventure,Drama",Nominee,2015,738208,8,156
Room,"Drama,Thriller",Nominee,2015,391182,8.1,118
Moonlight,Drama,Winner,2016,287563,7.4,111
Arrival,"Drama,Sci-Fi",Nominee,2016,629568,7.9,116
Fences,Drama,Nominee,2016,102639,7.2,139
Hacksaw Ridge,"Biography,Drama,History",Nominee,2016,464504,8.1,139
Hell or High Water,"Action,Crime,Drama",Nominee,2016,213325,7.6,102
Hidden Figures,"Biography,Drama,History",Nominee,2016,211233,7.8,127
La La Land,"Comedy,Drama,Music",Nominee,2016,534405,8,128
Lion,"Biography,Drama",Nominee,2016,223804,8,118
Manchester by the Sea,Drama,Nominee,2016,260159,7.8,137
The Shape of Water,"Adventure,Drama,Fantasy",Winner,2017,391523,7.3,123
Call Me by Your Name,"Drama,Romance",Nominee,2017,234177,7.9,132
Darkest Hour,"Biography,Drama,History",Nominee,2017,184502,7.4,125
Dunkirk,"Action,Drama,History",Nominee,2017,591901,7.8,106
Get Out,"Horror,Mystery,Thriller",Nominee,2017,526587,7.7,104
Lady Bird,"Comedy,Drama",Nominee,2017,258867,7.4,94
Phantom Thread,"Drama,Romance",Nominee,2017,119413,7.5,130
The Post,Drama,Nominee,2017,142630,7.2,116
"Three Billboards Outside Ebbing, Missouri","Comedy,Crime,Drama",Nominee,2017,463268,8.1,115
Green Book,"Biography,Comedy,Drama",Winner,2018,422669,8.2,130
Black Panther,"Action,Adventure,Sci-Fi",Nominee,2018,671956,7.3,134
BlacKkKlansman,"Biography,Comedy,Crime",Nominee,2018,240028,7.5,135
Bohemian Rhapsody,"Biography,Drama,Music",Nominee,2018,482597,7.9,134
The Favourite,"Biography,Comedy,Drama",Nominee,2018,183744,7.5,119
Roma,Drama,Nominee,2018,147705,7.7,135
A Star Is Born,"Drama,Music,Romance",Nominee,2018,354157,7.6,136
Vice,"Biography,Comdey,Drama",Nominee,2018,132014,7.2,132
Parasite,"Comedy,Drama,Thriller",Winner,2019,651517,8.6,132
1917,"Action,Drama,War",Nominee,2019,485648,8.3,119
Ford v Ferrari,"Action,Biography,Drama",Nominee,2019,331665,8.1,152
The Irishman,"Biography,Crime,Drama",Nominee,2019,349303,7.8,209
Jojo Rabbit,"Comedy,Drama,War",Nominee,2019,335856,7.9,108
Joker,"Crime,Drama,Thriller",Nominee,2019,1056051,8.4,122
Little Women,"Drama,Romance",Nominee,2019,163410,7.8,135
Marriage Story,"Comedy,Drama,Romance",Nominee,2019,270304,7.9,137
Once Upon a Time in Hollywood,"Comedy,Drama",Nominee,2019,628233,7.6,161
Nomadland,Drama,Nominee,2020,123041,7.4,107
The Father,Drama,Nominee,2020,89693,8.3,97
Judas and the Black Messiah,"Biography,Drama,History",Nominee,2021,58996,7.5,126
Mank,"Biography,Comedy,Drama",Nominee,2020,65380,6.9,131
Minari,Drama,Nominee,2020,57976,7.5,115
Promising Young Woman,"Crime,Drama,Thriller",Nominee,2020,122269,7.5,113
Sound of Metal,"Drama,Music",Nominee,2019,102807,7.8,120
The Trial of the Chicago 7,"Drama,History,Thriller",Nominee,2020,156283,7.8,129
